,City,Cloudiness,Country,Date,Humidity,Lat,Lng,Max Temp,Wind Speed
0,Matale,8,LK,1546922181,68,7.47,80.62,300.411,3.21
1,Ushuaia,75,AR,1546920000,86,-54.81,-68.31,278.15,3.6
2,Barrow,0,AR,1546922183,41,-38.31,-60.23,292.361,6.56
3,Ierapetra,75,GR,1546921200,81,35.01,25.74,279.15,9.3
4,Colares,0,PT,1546920000,60,38.8,-9.45,279.15,1.5
5,Shimoda,75,JP,1546920000,58,34.7,138.93,285.15,6.7
6,Provideniya,0,RU,1546922189,100,64.42,-173.23,256.611,14.91
7,East London,40,ZA,1546920000,83,-33.02,27.91,295.15,1.5
8,Carnarvon,0,ZA,1546922192,26,-30.97,22.13,296.911,3.56
9,Nanakuli,1,US,1546919820,72,21.39,-158.15,298.15,3.1
10,Qaanaaq,0,GL,1546922195,100,77.48,-69.36,246.961,3.66
11,Hofn,0,IS,1546921975,100,64.25,-15.21,274.411,1.91
12,Grindavik,75,IS,1546920000,100,63.84,-22.43,275.15,3.6
13,Dunedin,48,NZ,1546922087,71,-45.87,170.5,290.336,1.96
14,Sioux Lookout,90,CA,1546920000,86,50.1,-91.92,272.15,4.1
15,Paamiut,88,GL,1546921912,91,61.99,-49.67,274.861,14.21
16,Nikolskoye,75,RU,1546920000,92,59.7,30.79,271.15,2.0
17,Barra do Garcas,0,BR,1546922207,91,-15.89,-52.26,294.911,0.06
18,Am Timan,8,TD,1546922209,48,11.04,20.28,291.261,2.11
19,Hamilton,90,CA,1546921260,81,43.26,-79.87,279.15,11.3
20,Vavoua,8,CI,1546922212,67,7.38,-6.48,291.261,1.46
21,Mozarlandia,0,BR,1546922214,87,-14.74,-50.57,293.636,1.21
22,Kapaa,20,US,1546919760,71,22.08,-159.32,298.15,3.6
23,Vagamo,80,NO,1546922217,80,61.88,9.1,267.136,2.31
24,Hermanus,12,ZA,1546922219,79,-34.42,19.24,290.386,1.56
25,Prachin Buri,12,TH,1546922220,61,14.05,101.37,304.861,0.71
26,Portel,0,PT,1546920000,80,38.31,-7.71,276.15,2.6
27,Pevek,0,RU,1546921941,73,69.7,170.27,246.161,2.11
28,Ponta do Sol,44,BR,1546922224,86,-20.63,-46.0,292.061,1.01
29,Rikitea,76,PF,1546922226,94,-23.12,-134.97,300.236,5.01
30,Ahipara,8,NZ,1546921982,66,-35.17,173.16,297.086,4.71
31,Albany,90,US,1546921020,38,42.65,-73.75,270.35,5.7
32,Sao Filipe,0,CV,1546922230,100,14.9,-24.5,295.586,5.06
33,Busselton,36,AU,1546922232,70,-33.64,115.35,298.961,5.11
34,Atuona,80,PF,1546922233,100,-9.8,-139.03,300.636,6.26
35,Terrace Bay,36,CA,1546922235,99,48.78,-87.1,275.586,7.61
36,Cardenas,24,MX,1546922236,87,27.62,-110.24,288.336,4.11
37,Hokitika,0,NZ,1546922238,93,-42.72,170.96,289.986,4.71
38,Bafq,48,IR,1546922240,77,31.6,55.4,279.086,1.61
39,Tura,0,IN,1546922241,72,25.52,90.21,293.911,1.51
40,Hithadhoo,68,MV,1546922242,100,-0.6,73.08,301.586,6.26
41,Port Alfred,88,ZA,1546922244,84,-33.59,26.89,295.586,0.51
42,Butaritari,8,KI,1546922245,100,3.07,172.79,301.661,3.91
43,Fort Nelson,40,CA,1546920000,82,58.81,-122.69,245.15,1.0
44,New Norfolk,75,AU,1546920000,60,-42.78,147.06,294.15,9.3
45,Jamestown,0,AU,1546922250,50,-33.21,138.6,298.986,5.16
46,Vaini,0,IN,1546920000,46,15.34,74.49,294.15,2.6
47,Kangaatsiaq,76,GL,1546922253,100,68.31,-53.46,265.561,6.56
48,Norman Wells,75,CA,1546920000,73,65.28,-126.83,238.15,1.0
49,Manado,40,ID,1546920000,74,1.49,124.85,302.15,3.1
50,Avera,1,US,1546920900,91,33.19,-82.53,288.15,2.1
51,Mataura,0,NZ,1546922259,56,-46.19,168.86,292.111,5.66
52,Cape Town,0,ZA,1546920000,77,-33.93,18.42,291.15,6.7
53,Tuktoyaktuk,75,CA,1546920000,75,69.44,-133.03,245.15,1.5
54,Port Lincoln,20,AU,1546922264,83,-34.72,135.86,293.486,5.86
55,Hervey Bay,90,AU,1546920000,48,-25.3,152.85,302.15,7.7
56,Bologoye,88,RU,1546922267,88,57.88,34.11,266.911,5.61
57,Bansang,56,GM,1546916400,77,13.44,-14.66,292.15,3.61
58,Kahului,75,US,1546919760,70,20.89,-156.47,297.05,4.1
59,Hilo,75,US,1546919580,73,19.71,-155.08,295.35,5.16
60,Kodiak,1,US,1546919700,88,39.95,-94.76,278.15,3.1
61,Nanchong,92,CN,1546922274,100,30.8,106.08,280.461,1.86
62,Baykit,68,RU,1546922276,77,61.68,96.39,258.461,4.11
63,Nouakchott,0,MR,1546920000,16,18.08,-15.98,287.15,3.6
64,Prado,68,BR,1546922279,96,-17.34,-39.22,299.261,5.86
65,Isangel,92,VU,1546922281,100,-19.55,169.27,298.261,8.26
66,Cadillac,90,US,1546920900,89,44.25,-85.4,277.75,7.7
67,Necochea,0,AR,1546922284,86,-38.55,-58.74,289.011,2.91
68,Ancud,20,CL,1546920000,87,-41.87,-73.83,279.15,2.1
69,Whitehorse,75,CA,1546920000,75,60.72,-135.06,247.15,1.11
70,Yellowknife,75,CA,1546920000,74,62.45,-114.38,243.15,2.1
71,Faya,0,SA,1546916400,49,18.39,42.45,282.15,1.21
72,Poum,0,MK,1546922291,62,41.28,20.71,249.886,0.86
73,Bonthe,80,SL,1546922293,87,7.53,-12.5,298.511,2.01
74,Cherskiy,0,RU,1546922294,24,68.75,161.3,246.461,2.96
75,Victoria,75,BN,1546920000,70,5.28,115.24,304.15,3.6
76,Bredasdorp,8,ZA,1546920000,72,-34.53,20.04,291.15,1.5
77,Ekibastuz,20,KZ,1546922299,57,51.72,75.32,254.386,1.36
78,Sitka,0,US,1546922301,47,37.17,-99.65,277.211,3.16
79,Timra,76,SE,1546921200,92,62.49,17.33,272.15,3.6
80,Ribeira Grande,75,PT,1546920000,88,38.52,-28.7,290.15,8.7
81,Ilulissat,76,GL,1546919400,72,69.22,-51.1,263.15,3.1
82,Buraydah,0,SA,1546916400,87,26.33,43.97,283.15,1.5
83,Padang,75,ID,1546920000,74,-0.92,100.36,302.15,1.0
84,Dakar,24,SN,1546920000,22,14.69,-17.45,294.15,3.6
85,Kavaratti,0,IN,1546922312,100,10.57,72.64,300.861,3.56
86,Saint-Philippe,90,CA,1546921020,66,45.36,-73.48,264.35,1.0
87,Saldanha,0,PT,1546922315,79,41.42,-6.55,264.361,1.36
88,Punta Arenas,75,CL,1546920000,81,-53.16,-70.91,281.15,3.6
89,Gushikawa,90,JP,1546920000,77,26.35,127.87,293.25,3.1
90,Taoudenni,64,ML,1546922321,38,22.68,-3.98,281.311,4.61
91,Bluff,88,AU,1546922323,49,-23.58,149.07,302.661,6.61
92,Saskylakh,32,RU,1546922325,0,71.97,114.09,236.361,4.76
93,Rathcoole,75,IE,1546921800,86,53.28,-6.47,279.15,3.1
94,Lorengau,24,PG,1546922328,94,-2.02,147.27,302.761,6.51
95,Talnakh,56,RU,1546922329,64,69.49,88.39,256.861,2.41
96,Roebourne,0,AU,1546922331,14,-20.77,117.15,315.636,5.21
97,Launceston,8,AU,1546920000,43,-41.43,147.14,296.15,6.2
98,Burns Lake,8,CA,1546922334,75,54.23,-125.76,259.711,1.01
99,Nantucket,1,US,1546919760,77,41.28,-70.1,269.85,2.76
100,Pyay,92,MM,1546922337,100,18.82,95.22,294.411,2.86
101,Pacific Grove,1,US,1546921200,85,36.62,-121.92,286.15,1.5
102,Mabaruma,92,GY,1546922340,91,8.2,-59.78,298.086,3.01
103,Vardo,90,US,1546921200,66,39.62,-77.74,276.15,6.7
104,Mitsamiouli,20,KM,1546920000,79,-11.38,43.28,302.15,1.0
105,Longyearbyen,75,NO,1546919400,67,78.22,15.63,267.15,15.9
106,Abay,0,KZ,1546920000,72,49.63,72.87,262.15,5.0
107,Perth,0,GB,1546921200,80,56.4,-3.43,281.15,3.1
108,Upernavik,80,GL,1546922349,100,72.79,-56.15,259.261,7.66
109,Alekseyevsk,80,RU,1546922351,60,57.84,108.35,263.986,4.71
110,Xinmin,0,CN,1546920000,29,42.0,122.83,267.15,6.0
111,Makakilo City,90,US,1546919820,58,21.35,-158.09,298.15,2.6
112,Avarua,75,CK,1546920000,61,-21.21,-159.78,299.15,3.1
113,Magaria,20,NE,1546922357,61,13.0,8.91,283.736,4.46
114,Esperance,20,TT,1546920000,83,10.24,-61.45,297.15,2.6
115,Suntar,64,RU,1546922360,67,62.16,117.65,256.461,1.76
116,Tasiilaq,92,GL,1546919400,73,65.61,-37.64,270.15,10.8
117,Upata,8,VE,1546922362,88,8.02,-62.41,294.986,2.76
118,Cabo San Lucas,20,MX,1546919160,88,22.89,-109.91,294.15,2.1
119,Garoua,24,CM,1546922365,65,9.31,13.39,286.911,1.16
120,Bitung,40,ID,1546920000,74,1.44,125.19,302.15,3.1
121,Arraial do Cabo,76,BR,1546922368,88,-22.97,-42.02,297.961,10.36
122,Kununurra,40,AU,1546920000,42,-15.77,128.74,311.15,3.6
123,Riverton,1,US,1546919580,46,43.02,-108.38,265.95,3.6
124,Bandundu,76,CD,1546922373,94,-3.32,17.38,296.661,2.06
125,Vardablur,90,AM,1546920000,92,40.67,44.25,268.15,0.5
126,Geraldton,90,CA,1546920000,92,49.72,-86.95,269.15,2.51
127,Port Blair,32,IN,1546922378,100,11.67,92.75,301.336,2.66
128,Nuuk,92,GL,1546922192,100,64.17,-51.74,265.486,2.41
129,Sobolevo,64,RU,1546922381,77,54.43,31.9,259.161,5.36
130,Thompson,90,CA,1546920000,85,55.74,-97.86,261.15,4.1
131,Srednekolymsk,32,RU,1546922384,42,67.46,153.71,240.411,1.11
132,Westerland,75,NL,1546921740,75,52.89,4.93,281.15,11.8
133,Tiksi,20,RU,1546922387,0,71.64,128.87,239.311,1.21
134,Tomatlan,12,MX,1546922389,87,19.93,-105.25,289.761,0.81
135,Broome,44,GB,1546921200,81,52.47,1.45,280.15,7.2
136,Puerto Ayora,20,EC,1546922392,100,-0.74,-90.35,296.736,2.86
137,Bambous Virieux,75,MU,1546920000,74,-20.34,57.76,302.15,7.2
138,Zunyi,92,CN,1546922395,98,27.73,106.92,274.911,2.81
139,Aanekoski,90,FI,1546921200,100,62.6,25.73,271.15,1.5
140,Takapau,0,NZ,1546922398,45,-40.02,176.35,297.111,1.06
141,Luanda,75,AO,1546920000,88,-8.83,13.24,299.15,1.5
142,Ballina,80,IE,1546922401,98,54.11,-9.15,280.311,2.86
143,Semey,0,KZ,1546920000,57,50.41,80.25,268.15,8.0
144,Balkhash,0,KZ,1546920000,77,46.84,74.98,259.15,8.0
145,Castro,20,CL,1546920000,87,-42.48,-73.76,279.15,2.1
146,Brekstad,75,NO,1546921200,86,63.69,9.67,276.15,6.2
147,Kenai,20,US,1546919760,78,60.55,-151.26,254.25,3.21
148,Taywarah,24,AF,1546922410,94,33.35,64.42,274.311,1.16
149,Batemans Bay,64,AU,1546922412,74,-35.71,150.18,298.761,2.61
150,Jumla,0,NP,1546922413,64,29.28,82.18,271.886,0.71
151,Yar-Sale,20,RU,1546922415,87,66.83,70.83,247.311,3.96
152,Katherine,0,AU,1546920000,50,-14.47,132.26,309.15,2.6
153,Olinda,90,EC,1546920000,94,-2.03,-79.75,298.15,1.5
154,Freiberg,90,DE,1546921200,86,50.92,13.34,277.15,6.2
155,Port Keats,0,AU,1546922421,77,-14.25,129.55,307.011,4.66
156,Talara,88,PE,1546922422,90,-4.58,-81.27,295.111,1.46
157,Kruisfontein,100,ZA,1546922424,87,-34.0,24.73,292.561,2.86
158,Fort Madison,1,US,1546920900,70,40.63,-91.32,282.15,1.5
159,Langenburg,88,CA,1546922427,83,50.84,-101.7,261.886,10.21
160,Hobart,75,AU,1546920000,60,-42.88,147.33,294.15,9.3
161,Nanortalik,88,GL,1546922430,88,60.14,-45.24,274.561,9.61
162,Saint George,20,GR,1546921200,67,39.45,22.34,268.15,5.1
163,Pochutla,40,MX,1546919100,74,15.74,-96.47,299.15,0.86
164,Klaksvik,20,FO,1546921200,59,62.23,-6.59,276.15,8.2
165,Mahebourg,75,MU,1546920000,74,-20.41,57.7,302.15,7.2
166,Hearst,88,CA,1546922437,83,49.69,-83.67,268.611,3.31
167,Mar del Plata,12,AR,1546922439,62,-46.43,-67.52,283.511,10.31
168,Texarkana,20,US,1546919580,100,33.44,-94.04,288.75,4.1
169,Chapais,90,CA,1546920000,65,49.78,-74.86,259.15,7.2
170,Andros Town,20,BS,1546920000,83,24.73,-77.79,294.15,1.0
171,Asyut,0,EG,1546920000,86,27.18,31.19,278.15,2.1
172,Winnemucca,1,US,1546919760,81,40.97,-117.74,274.25,2.6
173,Darapidap,0,PH,1546922448,59,17.21,120.41,300.611,1.76
174,Aklavik,75,CA,1546920000,67,68.22,-135.01,243.15,1.41
175,Flinders,68,AU,1546920000,65,-34.58,150.85,301.15,3.6
176,Waddan,80,LY,1546922452,93,29.16,16.14,275.711,0.96
177,Khatanga,20,RU,1546922454,28,71.98,102.47,244.486,4.11
178,Mogok,92,MM,1546922455,99,22.92,96.51,288.311,1.01
179,College,20,US,1546919880,67,64.86,-147.8,234.85,1.36
180,Mandalgovi,0,MN,1546922458,59,45.76,106.27,260.761,4.91
181,Touros,75,BR,1546920000,88,-5.2,-35.46,298.15,1.5
182,Ongandjera,32,NA,1546922386,28,-17.88,15.07,295.711,2.46
183,Vila Franca do Campo,40,PT,1546920000,87,37.72,-25.43,289.15,7.2
184,Katsuura,40,JP,1546920000,71,33.93,134.5,285.15,7.2
185,Nehe,0,CN,1546922466,33,48.48,124.88,261.211,4.16
186,Concarneau,90,FR,1546920000,81,47.88,-3.92,283.15,4.6
187,Juneau,90,US,1546921500,84,58.3,-134.42,266.45,2.1
188,Maragogi,48,BR,1546922436,100,-9.01,-35.22,295.386,0.86
189,Tornio,90,FI,1546921200,100,61.12,27.27,270.15,2.6
190,Kamaishi,75,JP,1546920000,69,39.28,141.86,275.15,2.6
191,Boa Vista,90,BR,1546920000,69,2.82,-60.67,299.15,6.2
192,Clyde River,90,CA,1546920000,83,70.47,-68.59,248.15,8.7
193,Wajir,8,KE,1546922480,38,1.75,40.07,302.761,3.21
194,Iquique,0,CL,1546920000,77,-20.22,-70.14,294.15,4.6
195,Great Yarmouth,88,GB,1546921200,81,52.61,1.73,280.15,7.2
196,Sitangkai,12,PH,1546922485,97,4.66,119.39,302.111,5.26
197,Wanning,75,AT,1546921200,97,48.64,13.53,274.15,4.1
198,Cairns,40,AU,1546920000,66,-16.92,145.77,304.15,4.6
199,Namatanai,56,PG,1546922489,95,-3.66,152.44,302.611,5.56
200,Lebu,0,ET,1546922490,27,8.96,38.73,285.736,1.81
201,Coquimbo,90,CL,1546920000,77,-29.95,-71.34,291.15,2.1
202,Alofi,92,NU,1546920000,88,-19.06,-169.92,300.15,4.1
203,Champerico,40,MX,1546919460,73,16.38,-93.6,296.15,1.5
204,Yangambi,88,CD,1546922496,100,0.77,24.47,294.861,1.41
205,Muroto,75,JP,1546920000,35,33.37,134.14,286.15,3.1
206,Songjianghe,48,CN,1546922500,61,42.18,127.48,256.886,3.56
207,Dikson,68,RU,1546922501,94,73.51,80.55,252.661,5.71
208,Husavik,68,CA,1546922503,82,50.56,-96.99,265.636,7.61
209,Qaqortoq,92,GL,1546922504,83,60.72,-46.03,275.761,10.81
210,Katobu,12,ID,1546922506,76,-4.94,122.53,304.586,1.96
211,Talaya,75,RU,1546920000,85,55.79,84.89,263.15,8.0
212,Trebukhiv,75,UA,1546920000,100,50.48,30.9,260.15,1.0
213,Port Elizabeth,1,US,1546919760,77,39.31,-74.98,277.05,3.26
214,Rawson,56,AR,1546922512,37,-43.3,-65.11,289.611,8.81
215,Yiyang,100,CN,1546922514,100,28.59,112.35,277.361,4.66
216,Nioro,92,GM,1546922515,40,13.79,-15.05,292.761,2.91
217,Kaeo,8,NZ,1546922517,39,-35.1,173.78,300.636,1.81
218,Bethel,90,US,1546920600,87,60.79,-161.76,258.15,4.6
219,Chuy,0,UY,1546922520,95,-33.69,-53.46,291.586,1.91
220,Jodiya,0,IN,1546922522,100,22.69,70.31,292.386,4.61
221,Lagoa,0,PT,1546920000,86,37.14,-8.45,278.15,3.6
222,Orlik,8,RU,1546922525,51,52.51,99.83,261.636,2.16
223,Soyo,88,AO,1546922526,97,-6.13,12.37,298.011,1.61
224,Kajaani,90,FI,1546921200,92,64.22,27.73,268.15,2.6
225,Nelson Bay,0,AU,1546920000,38,-32.72,152.14,305.15,4.6
226,Siderno,5,IT,1546919700,91,38.28,16.3,282.15,0.5
227,Emilio Carranza,56,MX,1546922532,94,19.97,-96.61,290.111,1.06
228,Hami,0,CN,1546922534,65,42.84,93.51,266.761,1.71
229,Sambava,92,MG,1546922536,100,-14.27,50.17,299.736,1.51
230,Nome,40,US,1546920900,83,30.04,-94.42,290.35,2.1
231,Tarko-Sale,36,RU,1546922539,67,64.92,77.78,252.636,5.36
232,Moindou,0,NC,1546921800,55,-21.69,165.68,303.15,11.8
233,Jieshi,80,CN,1546922542,85,22.82,115.83,292.111,4.81
234,Makokou,64,GA,1546922543,97,0.56,12.85,294.586,0.96
235,Udachnyy,48,RU,1546922545,62,66.42,112.4,250.461,1.71
236,Pointe-Noire,20,CG,1546920000,100,-4.8,11.85,297.15,1.71
237,Codrington,40,AU,1546920000,65,-28.95,153.24,300.15,2.6
238,Murmino,48,RU,1546922550,81,54.6,40.05,257.486,5.16
239,San Quintin,0,PH,1546922551,59,17.54,120.52,300.611,1.76
240,Mosquera,40,CO,1546920000,87,4.71,-74.23,285.15,1.0
241,Constitucion,24,MX,1546922554,79,23.99,-104.67,282.311,2.06
242,La Orilla,92,MX,1546922556,100,18.0,-102.23,296.986,1.31
243,Shaki,0,NG,1546922557,72,7.9,4.77,289.636,1.41
244,Liverpool,75,GB,1546921200,75,53.41,-2.98,281.15,8.2
245,Mount Isa,40,AU,1546920000,13,-20.73,139.49,313.15,3.1
246,San Patricio,92,PY,1546922562,97,-26.98,-56.83,296.611,1.96
247,Casma,64,PE,1546922563,100,-9.47,-78.3,294.861,3.31
248,Oriximina,92,BR,1546922565,91,-1.77,-55.87,298.311,1.91
249,Mecca,8,SA,1546922566,48,21.43,39.83,292.311,2.06
250,Honiara,76,SB,1546922568,89,-9.43,159.96,300.086,1.26
251,Basco,1,US,1546922100,75,40.33,-91.2,283.35,2.6
252,Waipawa,0,NZ,1546922528,45,-39.94,176.59,297.111,1.06
253,Namibe,92,AO,1546922397,100,-15.19,12.15,295.636,0.96
254,Airai,36,TL,1546922574,86,-8.93,125.41,299.061,0.76
255,Georgetown,20,GY,1546920000,94,6.8,-58.16,297.15,2.1
256,Aguas Vermelhas,32,BR,1546922577,96,-15.75,-41.46,291.611,3.21
257,Batsfjord,20,NO,1546921200,85,70.63,29.72,268.15,2.1
258,Vrangel,8,RU,1546922580,100,42.73,133.08,266.411,8.96
259,Belmonte,0,PT,1546922581,71,40.36,-7.35,269.311,2.51
260,Axim,56,GH,1546922583,100,4.87,-2.24,300.336,2.31
261,Varazdin,68,HR,1546920000,92,46.3,16.34,270.15,0.5
262,Kavieng,76,PG,1546922586,98,-2.57,150.8,302.736,5.26
263,Karratha,0,AU,1546922587,14,-20.74,116.85,315.636,5.21
264,Los Llanos de Aridane,44,ES,1546920000,67,28.66,-17.92,290.15,4.6
265,Laguna,32,MX,1546922591,91,27.52,-110.01,286.711,1.06
266,Uelzen,75,DE,1546921200,87,52.97,10.56,279.15,8.2
267,Viedma,8,AR,1546922594,26,-40.81,-62.99,295.986,8.01
268,Cayenne,90,GF,1546920000,83,4.94,-52.33,297.15,4.01
269,Kibakwe,64,TZ,1546922597,97,-6.71,36.37,293.086,1.61
270,Bam,0,IR,1546922598,38,29.11,58.36,289.136,1.01
271,Manicore,48,BR,1546922600,96,-5.81,-61.3,296.911,0.96
272,Prince Albert,90,CA,1546920000,71,53.2,-105.75,258.15,7.7
273,Satun,75,TH,1546920000,55,6.62,100.07,306.15,5.7
274,Alto Araguaia,12,BR,1546922605,80,-17.32,-53.22,294.886,3.11
275,Conde,92,BR,1546922607,91,-11.81,-37.61,298.211,3.46
276,Almaznyy,75,RU,1546920000,85,48.03,40.04,268.15,8.0
277,Houston,1,US,1546920900,82,29.76,-95.37,292.55,3.6
278,Santa Marta,40,CO,1546920000,83,11.24,-74.21,300.15,3.1
279,Kiruna,44,SE,1546921200,73,67.86,20.23,268.15,3.1
280,Zheleznodorozhnyy,75,RU,1546920000,85,55.75,38.0,263.15,4.0
281,Cap Malheureux,75,MU,1546920000,74,-19.98,57.61,302.15,7.2
282,Rabat,0,MA,1546920000,93,34.02,-6.83,277.15,2.6
283,Mayo,75,CA,1546920000,73,63.59,-135.9,236.15,1.5
284,Dubbo,8,AU,1546920000,23,-32.25,148.6,307.15,6.2
285,Cedral,44,MX,1546922623,78,23.82,-100.72,283.061,1.21
286,Saint-Augustin,90,FR,1546920000,93,44.83,-0.61,279.15,2.1
287,Bell Ville,0,AR,1546922626,87,-32.63,-62.69,293.661,6.01
288,San Rafael del Sur,20,NI,1546920000,69,11.85,-86.44,299.15,6.2
289,Maniitsoq,92,GL,1546922629,100,65.42,-52.9,265.236,2.91
290,Marawi,20,PH,1546922630,43,8.0,124.29,304.136,2.06
291,Yulara,0,AU,1546920000,8,-25.24,130.99,309.15,5.7
292,Deputatskiy,48,RU,1546922633,0,69.3,139.9,232.386,1.21
293,Palmer,90,US,1546922100,83,61.6,-149.11,259.25,1.5
294,Chokurdakh,64,RU,1546922636,41,70.62,147.9,240.611,1.31
295,Caravelas,80,BR,1546922638,100,-17.73,-39.27,299.486,6.41
296,Saint-Pierre,90,FR,1546920000,100,48.95,4.24,282.15,6.7
297,Yerbogachen,56,RU,1546922641,73,61.28,108.01,260.711,2.66
298,Yaan,0,NG,1546922642,33,7.38,8.57,291.986,4.36
299,Tefe,24,BR,1546922644,96,-3.35,-64.71,297.836,2.01
300,Rio Grande,44,BR,1546922645,97,-32.03,-52.1,294.986,2.66
301,Aquiraz,40,BR,1546920000,94,-3.9,-38.39,299.15,2.1
302,Inhambane,20,MZ,1546920000,94,-23.87,35.38,294.15,2.06
303,Bandarbeyla,88,SO,1546922650,100,9.49,50.81,297.561,6.86
304,Chumikan,0,RU,1546922652,57,54.72,135.31,252.086,6.71
305,Tamiahua,76,MX,1546922653,90,21.28,-97.45,296.336,3.11
306,Kaitangata,0,NZ,1546922655,57,-46.28,169.85,292.061,4.86
307,Effium,0,NG,1546920000,56,6.63,8.06,293.15,2.6
308,Cidreira,92,BR,1546922658,96,-30.17,-50.22,296.961,5.36
309,Aksarka,32,RU,1546922659,32,66.56,67.8,243.011,1.31
310,Canton,90,US,1546922160,62,40.8,-81.38,287.05,4.1
311,Mersing,92,MY,1546922662,84,2.43,103.84,301.911,3.96
312,Anadyr,0,RU,1546920000,60,64.73,177.51,261.15,16.0
313,Guiratinga,36,BR,1546922665,85,-16.35,-53.76,295.836,2.16
314,Tuatapere,0,NZ,1546922667,74,-46.13,167.69,290.461,4.66
315,San Nicolas,92,HN,1546922668,96,14.94,-88.33,290.311,0.76
316,Apiai,0,BR,1546922670,82,-24.51,-48.84,294.611,1.16
317,Aldan,64,RU,1546922671,62,58.61,125.39,255.011,1.31
318,Priiskovyy,0,RU,1546922673,48,51.93,116.63,258.236,5.51
319,Itapira,44,BR,1546922674,83,-22.44,-46.82,293.611,2.01
320,Fortuna,20,ES,1546920000,87,38.18,-1.13,281.15,3.1
321,Walvis Bay,90,NA,1546920000,87,-22.95,14.51,289.15,1.0
322,Vanimo,0,PG,1546922678,99,-2.67,141.3,301.636,8.61
323,Torbay,90,CA,1546920000,79,47.66,-52.73,268.15,9.8
324,Taganak,75,PH,1546920000,79,6.08,118.3,302.15,4.1
325,Hasaki,75,JP,1546921800,39,35.73,140.83,283.15,3.6
326,Jurm,80,AF,1546922685,88,36.86,70.83,265.761,0.26
327,Sangar,0,RU,1546922686,0,63.92,127.47,235.386,1.41
328,Thinadhoo,68,MV,1546922688,100,0.53,72.93,301.136,6.46
329,Calama,0,CL,1546920000,66,-22.46,-68.93,285.15,2.1
330,Arlit,8,NE,1546922691,66,18.74,7.39,279.336,2.36
331,Iqaluit,5,CA,1546920000,67,63.75,-68.52,240.15,2.6
332,Dongsheng,88,CN,1546922693,73,29.72,112.52,279.761,4.66
333,San Onofre,0,CO,1546922695,86,9.74,-75.52,298.861,4.36
334,Barstow,1,US,1546920900,42,31.46,-103.39,284.45,4.6
335,Winneba,88,GH,1546920000,73,5.35,-0.62,298.15,2.6
336,Lasa,75,CY,1546920000,87,34.92,32.53,285.15,4.1
337,Saint-Joseph,0,FR,1546920000,92,43.56,6.97,271.15,0.5
338,Kouroussa,36,GN,1546922703,56,10.65,-9.88,289.311,3.41
339,Nacala,24,MZ,1546922705,90,-14.56,40.69,302.361,6.06
340,Ayorou,0,NE,1546922707,61,14.73,0.92,285.511,5.01
341,Aksu,75,KZ,1546920000,84,52.04,76.93,255.15,1.66
342,Hornepayne,92,CA,1546922710,96,49.22,-84.78,270.461,1.96
343,Point Fortin,20,TT,1546920000,83,10.16,-61.68,297.15,2.6
344,Roanne,90,FR,1546920000,80,46.04,4.07,277.15,2.6
345,Rock Sound,92,BS,1546922715,100,24.9,-76.2,297.061,7.31
346,Leningradskiy,0,RU,1546922716,82,69.38,178.42,250.661,9.51
347,Coahuayana,0,MX,1546922718,81,18.62,-100.35,287.886,0.86
348,Lompoc,1,US,1546920900,89,34.64,-120.46,287.05,2.6
349,Miraflores,88,CO,1546922721,100,5.2,-73.14,284.086,0.16
350,Buala,64,SB,1546922694,95,-8.15,159.59,300.861,3.66
351,Palu,88,ID,1546922724,91,-0.9,119.87,295.236,0.61
352,Chifeng,0,CN,1546922726,18,42.27,118.96,265.511,4.76
353,Mareeba,40,AU,1546920000,66,-16.99,145.42,304.15,4.6
354,Amga,24,RU,1546922730,64,60.89,131.98,247.136,1.16
355,Iranshahr,44,IR,1546920000,62,27.21,60.69,287.15,1.26
356,Lavrentiya,0,RU,1546922735,77,65.58,-170.99,255.211,12.66
357,Mubarakpur,8,IN,1546922736,100,26.09,83.29,289.511,2.86
358,Lishu,0,CN,1546922738,39,43.31,124.32,261.761,6.01
359,Haines Junction,8,CA,1546922739,0,60.75,-137.51,233.911,0.86
360,Sinnamary,88,GF,1546922692,100,5.38,-52.96,298.486,5.66
361,Turukhansk,56,RU,1546922742,86,65.8,87.96,256.461,6.41
362,Pocao de Pedras,100,BR,1546922744,87,-4.67,-44.85,296.811,1.51
363,Osakarovka,80,KZ,1546922745,83,50.56,72.58,261.836,3.91
364,Chilca,40,PE,1546920000,71,-13.22,-72.34,285.15,0.11
365,Eyl,56,SO,1546922748,94,7.98,49.82,297.636,6.36
366,Shebunino,90,RU,1546920000,85,57.66,40.04,265.15,5.0
367,Oranjemund,88,ZA,1546922751,96,-28.55,16.43,290.061,3.91
368,Salalah,20,OM,1546919400,69,17.01,54.1,296.15,2.6
369,Miguel Hidalgo,40,MX,1546919400,36,19.41,-99.19,289.15,3.6
370,Camocim,80,BR,1546922756,100,-2.9,-40.84,295.486,1.86
371,Half Moon Bay,90,US,1546922400,87,37.46,-122.43,286.15,7.46
372,Lata,24,IN,1546922759,72,30.78,78.62,279.136,0.61
373,Kingaroy,40,AU,1546920000,42,-26.54,151.84,301.15,3.6
374,Komsomolskiy,12,RU,1546922745,55,67.55,63.78,248.986,4.56
375,Huaicheng,92,CN,1546922763,85,23.91,112.19,285.161,2.06
376,Te Anau,0,NZ,1546922670,40,-45.41,167.72,293.461,1.11
377,Mehamn,75,NO,1546919400,74,71.03,27.85,272.15,4.1
378,Cabatuan,68,PH,1546922768,92,16.95,121.67,297.336,1.76
379,Sao Joao da Barra,48,BR,1546922770,100,-21.64,-41.05,299.136,13.21
380,Seoul,1,KR,1546921800,24,37.57,126.98,274.95,2.6
381,Awbari,0,LY,1546922772,62,26.59,12.77,269.011,1.41
382,Muyezerskiy,76,RU,1546922774,88,63.93,31.65,267.336,2.56
383,Japura,88,ID,1546922776,78,-0.42,102.29,301.861,1.11
384,Zastron,76,ZA,1546922777,51,-30.3,27.08,296.711,1.91
385,Narsaq,88,GL,1546922779,78,60.91,-46.05,270.511,1.86
386,Vostok,48,RU,1546922687,61,46.45,135.83,255.261,1.51
387,Quelimane,92,MZ,1546922782,100,-17.88,36.89,297.961,2.56
388,Petnehaza,68,HU,1546920000,85,48.06,22.07,263.15,4.0
389,Luderitz,8,NA,1546922785,90,-26.65,15.16,288.411,5.56
390,Russell,0,AR,1546922787,65,-33.01,-68.8,282.736,1.21
391,Cerrito,40,CO,1546920000,100,6.84,-72.7,293.15,0.71
392,Beyneu,76,KZ,1546922680,98,45.32,55.19,268.086,3.66
393,Mangrol,0,IN,1546922791,71,25.33,76.51,291.086,2.06
394,Chopovychi,64,UA,1546922793,67,50.83,28.95,262.211,1.66
395,Tual,36,ID,1546922794,99,-5.67,132.75,302.386,6.91
396,Faro,0,PT,1546920000,86,37.02,-7.94,278.15,3.6
397,Bonavista,80,CA,1546922797,100,48.65,-53.11,270.811,15.56
398,Surt,76,LY,1546922749,100,31.21,16.59,284.561,4.21
399,Kudahuvadhoo,0,MV,1546922801,100,2.67,72.89,300.886,6.81
400,Silifke,92,TR,1546922802,100,36.38,33.93,275.886,2.76
401,Tandil,0,AR,1546922804,50,-37.33,-59.14,293.511,5.01
402,Xining,0,CN,1546922805,47,36.62,101.77,265.736,1.61
403,Naze,0,NG,1546922807,89,5.43,7.07,291.711,0.86
404,Ayan,48,TR,1546922808,69,40.67,33.6,260.011,1.06
405,Valdivia,20,CL,1546920000,100,-39.81,-73.25,284.15,2.1
406,Tessalit,68,ML,1546922717,42,20.2,1.01,282.161,3.71
407,Nemuro,20,JP,1546920000,49,43.32,145.57,269.15,3.1
408,Jimo,0,CN,1546920000,44,36.39,120.46,276.15,6.0
409,Bereznik,76,RU,1546922816,89,62.86,42.71,269.611,3.31
410,Merauke,56,ID,1546922818,90,-8.49,140.4,301.461,5.21
411,Banda Aceh,68,ID,1546922819,100,5.56,95.32,300.236,1.21
412,Colorado,48,BR,1546922821,74,-22.84,-51.97,296.911,3.21
413,Richards Bay,44,ZA,1546922822,77,-28.77,32.06,296.411,2.91
414,Sisimiut,88,GL,1546922824,100,66.94,-53.67,257.061,0.86
415,Kochevo,0,BG,1546920000,67,42.1,24.92,267.15,5.7
416,Benghazi,80,LY,1546922789,100,32.12,20.07,287.661,10.51
417,Oda,40,JP,1546920000,100,35.19,132.5,284.15,8.7
418,Vizinga,80,RU,1546922831,85,61.08,50.08,268.361,4.06
419,Severnyy-Kospashskiy,92,RU,1546922835,80,59.09,57.8,259.711,6.16
420,Si Satchanalai,75,TH,1546920000,78,17.52,99.76,299.15,0.5
421,San Jeronimito,64,MX,1546922838,100,17.55,-101.33,298.086,1.11
422,Port Hedland,0,AU,1546920000,42,-20.31,118.58,311.15,5.7
423,Magadan,88,RU,1546922841,100,59.56,150.8,258.361,4.96
424,Russkaya Polyana,88,RU,1546922842,92,53.78,73.88,261.236,2.06
425,Beatrice,1,US,1546920900,74,40.27,-96.75,277.05,3.6
426,Atyrau,64,KZ,1546921800,84,47.1,51.92,257.15,4.0
427,Novoplatnirovskaya,76,RU,1546922847,85,46.1,39.41,266.986,1.31
428,Prince Rupert,90,CA,1546920420,100,54.32,-130.32,274.15,5.1
429,Suez,0,EG,1546922850,75,29.97,32.54,279.236,2.91
430,San Vicente,0,SV,1546919400,83,13.64,-88.78,296.15,1.0
431,Shumyachi,64,RU,1546922854,83,53.86,32.43,259.461,4.91
432,Coronado,24,PA,1546922720,100,8.53,-79.9,298.211,6.16
433,Salinopolis,88,BR,1546922858,100,-0.61,-47.36,299.611,4.66
434,Mastic Beach,40,US,1546922100,58,40.77,-72.85,273.85,3.1
435,Road Town,20,VG,1546919580,76,18.42,-64.62,298.15,2.6
436,Zacualtipan,20,MX,1546922862,100,20.65,-98.6,283.661,0.86
437,Atambua,24,ID,1546922864,99,-9.11,124.89,301.011,3.31
438,Abalak,0,NE,1546922865,49,15.46,6.28,281.211,4.71
439,Price,75,US,1546919580,96,39.6,-110.81,270.35,2.1
440,Comodoro Rivadavia,0,AR,1546920000,35,-45.87,-67.48,286.15,13.4
441,Aberystwyth,92,GB,1546922870,96,52.41,-4.08,279.661,5.96
442,Port Macquarie,80,AU,1546920000,58,-31.43,152.91,302.15,4.6
443,Alindao,8,CF,1546922873,90,5.04,21.21,294.736,1.86
444,Jiwani,0,PK,1546922874,77,25.05,61.74,294.711,2.46
445,Sao Jose da Coroa Grande,48,BR,1546922876,100,-8.9,-35.15,295.386,0.86
446,Goose Creek,75,US,1546921140,69,38.32,-85.65,288.15,5.1
447,Praxedis Guerrero,1,MX,1546919880,55,31.37,-106.02,282.55,2.1
448,San Jose,36,PH,1546922717,70,15.79,120.99,299.111,3.01
449,Port Augusta,0,AU,1546920000,53,-32.49,137.76,298.15,8.7
450,Paramonga,12,PE,1546922883,100,-10.68,-77.82,294.061,2.96
451,Kosh-Agach,12,RU,1546922885,50,49.99,88.66,253.161,1.51
452,Huarmey,12,PE,1546922886,91,-10.07,-78.15,288.361,1.21
453,Ambon,90,FR,1546920000,87,47.55,-2.56,282.15,3.6
454,Keflavik,40,IS,1546921800,80,64.0,-22.56,275.15,4.1
455,Ngaoundere,12,CM,1546922892,46,7.32,13.58,287.486,3.61
456,Mount Gambier,90,AU,1546920000,60,-37.83,140.78,293.15,8.2
457,Toora-Khem,48,RU,1546922894,53,52.47,96.11,253.761,1.16
458,Yeniseysk,88,RU,1546922896,77,58.45,92.17,263.361,4.06
459,Colquiri,64,BO,1546922897,93,-17.42,-67.13,273.461,1.26
460,Staryy Nadym,36,RU,1546922899,80,65.61,72.68,248.211,3.11
461,Plettenberg Bay,100,ZA,1546922901,100,-34.05,23.37,292.386,2.26
462,Souillac,90,FR,1546920000,100,45.6,-0.6,279.15,2.1
463,Vilyuysk,56,RU,1546922904,78,63.75,121.63,248.336,1.76
464,Djambala,68,CG,1546922905,92,-2.55,14.76,294.736,2.21
465,Cruz Alta,0,AR,1546922907,89,-33.01,-61.81,293.211,5.66
466,Ostrovnoy,88,RU,1546922694,94,68.05,39.51,266.361,5.46
467,Vao,92,EE,1546922743,98,59.1,26.19,273.411,3.56
468,Dharan,0,NP,1546922911,56,26.81,87.28,290.711,0.86
469,Agadir,0,MA,1546921800,70,30.42,-9.58,281.15,3.6
470,Ndola,92,ZM,1546922914,96,-12.97,28.64,292.386,2.66
471,Esso,68,RU,1546922916,67,55.93,158.7,254.761,1.06
472,Zaria,24,NG,1546922918,47,11.11,7.72,285.111,5.21
473,Rodionovo-Nesvetayskaya,75,RU,1546921800,85,47.61,39.7,268.15,7.0
474,Elbistan,76,TR,1546922921,83,38.2,37.19,266.236,0.86
475,Adrar,0,DZ,1546920000,35,27.87,-0.29,277.15,3.1
476,Luoyang,48,CN,1546922924,56,34.66,112.42,275.411,5.41
477,Bredy,36,RU,1546922925,59,52.43,60.33,253.886,1.41
478,Belyy Yar,68,RU,1546921800,84,53.6,91.39,256.15,1.0
479,Kilindoni,36,TZ,1546922928,96,-7.91,39.67,302.311,7.16
480,Ambilobe,44,MG,1546922930,96,-13.19,49.05,300.261,1.91
481,Port Said,0,EG,1546922931,66,25.34,30.55,277.636,1.26
482,Chihuahua,5,MX,1546918860,88,28.66,-106.08,281.15,1.31
483,Menomonie,90,US,1546922100,87,44.88,-91.92,274.25,1.5
484,Dingle,0,PH,1546922935,59,11.0,122.67,302.461,7.36
485,Novyy Urengoy,32,RU,1546922937,72,66.08,76.63,251.761,5.96
486,Cobija,44,BR,1546922938,86,-11.02,-68.77,297.761,1.11
487,Xichang,92,CN,1546922940,92,27.88,102.25,280.561,0.86
488,Chicama,40,PE,1546920000,88,-7.84,-79.15,296.15,2.1
489,Alice Springs,0,AU,1546921800,8,-23.7,133.88,309.15,5.7
490,Otradnoye,75,RU,1546921800,92,59.77,30.8,271.15,1.0
491,Pihani,0,IN,1546922946,100,27.62,80.2,288.386,2.36
492,Havelock,40,US,1546919880,92,34.88,-76.9,283.15,2.6
493,Faanui,76,PF,1546922949,100,-16.48,-151.75,301.486,2.56
494,Bua Yai,12,TH,1546922950,47,15.59,102.43,305.086,2.26
495,Mao,20,DO,1546920000,100,19.55,-71.08,294.15,2.1
496,San Andres,36,PH,1546922953,96,13.32,122.68,300.361,6.91
497,Yorkton,90,CA,1546920000,78,51.21,-102.46,260.15,13.4
498,Broken Hill,0,AU,1546920000,14,-31.97,141.45,307.15,4.6
499,Chara,20,GR,1546921200,67,39.42,22.43,268.15,5.1
500,Lunglei,0,IN,1546922960,62,22.89,92.75,294.411,1.01
501,Tolga,0,DZ,1546920000,65,34.73,5.38,280.15,2.6
502,Vikindu,75,TZ,1546920000,83,-6.98,39.3,301.15,4.1
503,Melfi,20,IT,1546919700,92,41.0,15.66,274.15,2.6
504,Severo-Kurilsk,56,RU,1546922966,100,50.68,156.12,271.061,11.56
505,Paciran,36,ID,1546922967,80,-6.9,112.33,304.261,1.06
506,La Asuncion,92,EC,1546922969,97,-1.64,-78.74,281.136,0.16
507,Zatoka,75,PL,1546921800,79,50.04,20.52,268.15,1.0
508,Shizunai,12,JP,1546922972,95,42.33,142.37,269.136,3.66
509,Havre-Saint-Pierre,20,CA,1546920000,49,50.23,-63.6,257.15,5.1
510,Valparaiso,1,US,1546922100,87,41.47,-87.06,283.15,3.1
511,Amarante do Maranhao,88,BR,1546922976,87,-5.57,-46.74,295.986,1.16
512,Roald,92,NO,1546921200,86,62.58,6.12,277.15,6.7
513,Ust-Maya,56,RU,1546922979,34,60.42,134.54,242.136,1.21
514,Presidencia Roque Saenz Pena,0,AR,1546922981,91,-26.79,-60.44,293.836,1.46
515,Berlevag,75,NO,1546919400,74,70.86,29.09,272.15,4.1
516,Dawei,24,MM,1546922984,76,14.07,98.19,301.836,1.41
517,Eureka,20,US,1546922100,100,40.8,-124.16,284.25,8.2
518,Iracoubo,92,GF,1546922987,92,5.48,-53.21,296.836,2.51
519,Noyabrsk,20,RU,1546922988,75,63.2,75.45,251.261,3.51
520,Hirara,75,JP,1546921620,94,24.8,125.28,295.15,3.1
521,Dalvik,92,SE,1546921200,100,57.79,14.13,275.15,2.1
522,Muscle Shoals,90,US,1546922100,76,34.75,-87.67,289.85,3.1
523,Colac,0,AU,1546922995,50,-38.34,143.59,296.086,2.91
524,Caxito,56,BR,1546922715,78,-22.65,-42.51,297.811,4.31
525,Gazojak,88,TM,1546922997,100,41.19,61.4,279.361,6.11
526,Omboue,92,GA,1546922999,100,-1.57,9.26,298.611,0.86
527,Ahome,40,MX,1546919460,82,25.92,-109.18,291.15,6.7
528,Itoman,75,JP,1546921800,72,26.12,127.67,293.25,3.1
529,Kjollefjord,75,NO,1546919400,74,70.95,27.35,272.15,4.1
530,Atakpame,8,TG,1546923005,51,7.53,1.13,293.761,1.96
531,Birganj,0,NP,1546923006,100,27.01,84.88,290.236,2.11
532,Waverly,90,US,1546922100,74,37.04,-77.1,280.15,1.61
533,Galesong,20,ID,1546921800,84,-5.32,119.37,303.15,4.6
534,Dryden,90,CA,1546921680,92,49.79,-92.84,270.15,7.2
535,Mamakan,68,RU,1546923013,57,57.82,114.02,261.886,2.46
536,Barguzin,44,RU,1546923014,58,53.62,109.63,256.961,1.16
537,Cookeville,90,US,1546922100,55,36.16,-85.5,289.15,6.2
538,Metro,12,ID,1546923017,80,-5.11,105.31,304.336,1.81
539,Fare,68,PF,1546922736,100,-16.7,-151.02,300.086,0.76
540,Cornwall,90,CA,1546921740,87,45.02,-74.73,264.15,6.2
541,Sechura,44,PE,1546922873,93,-5.56,-80.82,295.161,2.76
542,Berezyne,68,UA,1546923023,77,46.23,29.2,264.561,4.51
543,Takoradi,88,GH,1546923025,100,4.89,-1.75,299.411,1.91
544,Liling,75,CN,1546920000,75,27.65,113.49,278.15,4.0
545,Zinder,8,NE,1546923028,57,13.81,8.99,283.311,5.01
546,Marabba,0,SD,1546923029,31,12.35,32.18,293.736,5.56
547,Homer,1,US,1546919580,70,59.64,-151.54,263.15,2.6
548,Harper,1,US,1546922100,91,30.3,-99.24,283.75,2.1
